ProductName,East,North,West
Widget A,59.900000000000006,71.88,0.0
Widget B,0.0,79.9,63.92
Widget C,97.35000000000001,0.0,116.82000000000001
Widget D,0.0,0.0,59.94
Widget E,169.8,0.0,0.0
